2024-06-01T22:52:48+02:00,start_computer
2024-06-01T22:52:48+02:00,login_single_user,12345678
2024-06-01T22:53:10+02:00,firefox_simple_initial_google_search_session,latest culinary trends 2024
2024-06-01T22:57:45+02:00,firefox_open_new_tab_and_search,summer vegetable recipes
2024-06-01T23:02:30+02:00,notepad_create_document,recipe_notes,"Today I experimented with summer vegetables and created a refreshing summer salad. The key ingredients were fresh cucumbers, cherry tomatoes, red onions, and bell peppers, tossed with a lemon-mint dressing. The dressing was a blend of freshly squeezed lemon juice, finely chopped mint leaves, a touch of honey, and a dash of olive oil. I also added a sprinkle of sea salt and black pepper to enhance the flavors. 

Next time, I plan to try adding some crumbled feta cheese for an extra layer of flavor and texture. Another idea is to include a handful of toasted pine nuts for a bit of crunch. The salad was served as a side dish with grilled chicken, but it would also pair well with seafood, such as grilled shrimp or salmon. 

Overall, the initial results were promising, but I need to refine the proportions of the dressing to achieve the perfect balance of tangy and sweet. I also want to experiment with different herbs, such as basil or cilantro, to see how they complement the other ingredients."
2024-06-01T23:18:44+02:00,firefox_simple_followup_google_search_session,food blogs to follow 2024
2024-06-01T23:25:30+02:00,firefox_open_new_tab_and_search,Instagram food photography tips
2024-06-01T23:29:55+02:00,firefox_open_new_tab_and_search,wine recommendations for dinner parties
2024-06-01T23:33:10+02:00,firefox_simple_followup_google_search_session,best herbs for cooking
2024-06-01T23:35:14+02:00,firefox_open_new_tab_and_search,how to organize a cooking workshop
2024-06-01T23:38:50+02:00,firefox_simple_followup_google_search_session,organize cooking workshop tips
2024-06-01T23:42:18+02:00,firefox_simple_followup_google_search_session,promote cooking workshop online
2024-06-01T23:45:00+02:00,notepad_create_document,workshop_outline,"Cooking Workshop Outline:
1. Introduction and Welcome
   - Brief introduction of myself and my culinary background
   - Overview of the workshop agenda and objectives
   - Icebreaker activity to get participants engaged

2. Overview of the Menu
   - Detailed description of the dishes we will be preparing
   - Discussion of key ingredients and their culinary significance
   - Explanation of the cooking techniques to be used

3. Demonstration of Key Techniques
   - Live demonstration of essential cooking techniques, such as chopping, saut√©ing, and plating
   - Tips and tricks for achieving the best results
   - Interactive Q&A session with participants

4. Hands-on Cooking Session
   - Participants will break into small groups to prepare their assigned dishes
   - I will circulate to provide guidance and assistance as needed
   - Encouragement of teamwork and collaboration among participants

5. Q&A and Feedback
   - Open floor for participants to ask questions and share their experiences
   - Constructive feedback and suggestions for improvement
   - Discussion of common challenges and how to overcome them

6. Tasting Session
   - Presentation of the finished dishes by each group
   - Tasting and constructive critique of each dish
   - Sharing of personal experiences and culinary insights

7. Closing Remarks and Take-home Recipes
   - Summary of the key takeaways from the workshop
   - Distribution of printed recipes and additional resources
   - Thanking participants for their engagement and enthusiasm
   - Invitation to join future workshops and stay connected"
2024-06-01T23:58:00+02:00,shutdown_via_menu
